name,real_acc_mean,real_acc_std,gen_acc_mean,gen_acc_std,real_f1_mean,real_f1_std,gen_f1_mean,gen_f1_std,gap_acc_mean,gap_acc_std,gap_f1_mean,gap_f1_std
generated_vs_real_baseline,0.44642857313156126,0.002258767266560069,0.3309374988079071,0.0052178694101468505,0.3661279109404177,0.0015130860140315716,0.2833864138919869,0.005894435935839913,-0.11549107432365417,0.005221686094549795,-0.08274149704843081,0.0064526904300940295
